ai,deep,learning,machine,make,part,powerful,transforming,world
0.3853716274664007,0.0,0.0,0.0,0.0,0.0,0.0,0.652490884512534,0.652490884512534
0.34520501686496574,0.0,0.444514311537431,0.5844829010200651,0.0,0.5844829010200651,0.0,0.0,0.0
0.2980315863446099,0.5046113401371842,0.3837699307603192,0.0,0.5046113401371842,0.0,0.5046113401371842,0.0,0.0
